[
	{
		"name": "视觉测量",
		"children": 
		[
			{
				"name": "关键技术", "value": 30, 
				"children":
				[
					{
						"name": "被测目标", "value": 10
					}, 
					{
						"name": "伺服装置", "value": 10
					}, 
					{
						"name": "图像获取装置", "value": 10
					},
					{
						"name": "图像存储器", "value": 10
					},
					{
						"name": "光源", "value": 10
					},
					{
						"name": "数据处理", "value": 10
					}
				]
			},
		
			{
				"name": "平行视差", "value": 30,
				"children":
				[
					{
						"name": "双目视差", "value": 10
					},
					{
						"name": "深度距离", "value": 10
					}
				]
			},
			{
				"name": "机器视觉", "value": 30,
				"children":
				[
					{
						"name": "图像处理", "value": 10
					},
					{
						"name": "模式识别", "value": 10
					},
					{
						"name": "计算理论", "value": 10
					},
					{
						"name": "实现算法", "value": 10
					},
					{
						"name": "表达", "value": 10
					},
					{
						"name": "硬件细节", "value": 10
					}
				]
			},
			{
				"name": "交叉学科", "value": 30,
				"children":
				[
					{
						"name": "计算机技术", "value": 10
					},
					{
						"name": "激光技术", "value": 10
					},
					{
						"name": "光电子学", "value": 10
					},
					{
						"name": "图像处理", "value": 10
					}
				]
			},
			{
				"name": "发展趋势", "value": 30,
				"children":
				[
					{
						"name": "高精度", "value": 10
					},
					{
						"name": "在线测量", "value": 10
					},
					{
						"name": "智能化", "value": 10
					},
					{
						"name": "非接触", "value": 10
					},
					{
						"name": "网络化", "value": 10
					}
				]
			}
		]
	},
	{
		"name": "感知器",
		"children": 
		[
			{
				"name": "神经元", "value": 30, 
				"children":
				[
					{
						"name": "前馈神经元", "value": 10
					}, 
					{
						"name": "卷积神经元", "value": 10
					}, 
					{
						"name": "解卷积神经元", "value": 10
					},
					{
						"name": "池化神经元", "value": 10
					},
					{
						"name": "插值神经元", "value": 10
					},
					{
						"name": "均值神经元", "value": 10
					}
				]
			},
		
			{
				"name": "多层感知机", "value": 30,
				"children":
				[
					{
						"name": "感知机", "value": 10
					},
					{
						"name": "神经网络", "value": 10
					}
				]
			},
			{
				"name": "线性", "value": 30,
				"children":
				[
					{
						"name": "非线性", "value": 10
					},
					{
						"name": "缩放", "value": 10
					},
					{
						"name": "旋转", "value": 10
					},
					{
						"name": "弯曲", "value": 10
					},
					{
						"name": "平移", "value": 10
					}
				]
			},
			{
				"name": "组成", "value": 30,
				"children":
				[
					{
						"name": "输入", "value": 10
					},
					{
						"name": "输出", "value": 10
					},
					{
						"name": "权值", "value": 10
					},
					{
						"name": "激活函数", "value": 10
					}
				]
			},
			{
				"name": "单层感知机", "value": 30,
				"children":
				[
					{
						"name": "线性组合器", "value": 10
					},
					{
						"name": "二值阈值元件", "value": 10
					}
				]
			}
		]
	},
	{
		"name": "梯度消失",
		"children": 
		[
			{
				"name": "梯度更新", "value": 30
			},
		
			{
				"name": "交叉熵代价函数", "value": 30,
				"children":
				[
					{
						"name": "代价函数", "value": 10
					},
					{
						"name": "样本", "value": 10
					},
					{
						"name": "实际值", "value": 10
					}
				]
			},
			{
				"name": "梯度变化", "value": 30
			},
			{
				"name": "梯度不稳定", "value": 30
			},
			{
				"name": "梯度爆炸", "value": 30
			}
		]
	},
	{
		"name": "语义识别",
		"children": 
		[
			{
				"name": "词典匹配", "value": 30, 
				"children":
				[
					{
						"name": "情感词典", "value": 10
					}, 
					{
						"name": "程度词词典", "value": 10
					}, 
					{
						"name": "连词词典", "value": 10
					},
					{
						"name": "否定词典", "value": 10
					}
				]
			},
		
			{
				"name": "自动识别抽取", "value": 30,
				"children":
				[
					{
						"name": "基于事件元素驱动", "value": 10
					},
					{
						"name": "基于事件触发词驱动", "value": 10
					},
					{
						"name": "基于事件实例驱动", "value": 10
					}
				]
			},
			{
				"name": "评价对象抽取", "value": 30,
				"children":
				[
					{
						"name": "任务界定", "value": 10
					},
					{
						"name": "实体抽取和发现", "value": 10
					},
					{
						"name": "开放域关系抽取", "value": 10
					},
					{
						"name": "情感分析", "value": 10
					}
				]
			},
			{
				"name": "隐形马尔科夫模型", "value": 30,
				"children":
				[
					{
						"name": "马尔可夫过程", "value": 10
					},
					{
						"name": "隐马尔可夫模型", "value": 10
					},
					{
						"name": "模型评估", "value": 10
					},
					{
						"name": "解码问题", "value": 10
					},
					{
						"name": "参数评估", "value": 10
					}
				]
			},
			{
				"name": "属性抽取", "value": 30,
				"children":
				[
					{
						"name": "频率", "value": 10
					},
					{
						"name": "语义关系", "value": 10
					},
					{
						"name": "句法分析", "value": 10
					},
					{
						"name": "隐马尔可夫模型", "value": 10
					},
					{
						"name": "隐含属性的映射", "value": 10
					}
				]
			}
		]
	},
	{
		"name": "信息抽取",
		"children": 
		[
			{
				"name": "文本结构", "value": 30, 
				"children":
				[
					{
						"name": "自由化", "value": 10
					}, 
					{
						"name": "半结构化", "value": 10
					}, 
					{
						"name": "结构化", "value": 10
					}
				]
			},
		
			{
				"name": "设计方法", "value": 30,
				"children":
				[
					{
						"name": "知识工程方法", "value": 10
					},
					{
						"name": "自动训练方法", "value": 10
					}
				]
			},
			{
				"name": "评价指标", "value": 30,
				"children":
				[
					{
						"name": "回召率", "value": 10
					},
					{
						"name": "查准率", "value": 10
					},
					{
						"name": "F1", "value": 10
					}
				]
			},
			{
				"name": "信息检索", "value": 30,
				"children":
				[
					{
						"name": "非结构化", "value": 10
					},
					{
						"name": "文本数据", "value": 10
					},
					{
						"name": "搜索引擎", "value": 10
					},
					{
						"name": "检索模型", "value": 10
					}
				]
			},
			{
				"name": "分装器", "value": 30,
				"children":
				[
					{
						"name": "WG", "value": 10
					},
					{
						"name": "IE", "value": 10
					},
					{
						"name": "归纳学习", "value": 10
					}
				]
			}
		]
	},
	{
		"name": "局部测光",
		"children": 
		[
			{
				"name": "点测光", "value": 30,
				"children":
				[
					{
						"name": "高精度", "value": 10
					},
					{
						"name": "曝光补偿", "value": 10
					}
				]
			},
		
			{
				"name": "拍摄主体", "value": 30,
				"children":
				[
					{
						"name": "拍摄方法", "value": 10
					},
					{
						"name": "计算摄影", "value": 10
					}
				]
			},
			{
				"name": "多区域测光", "value": 30,
				"children":
				[
					{
						"name": "反光率", "value": 10
					},
					{
						"name": "环境光比", "value": 10
					}
				]
			},
			{
				"name": "测光", "value": 30,
				"children":
				[
					{
						"name": "卷帘曝光", "value": 10
					},
					{
						"name": "全局曝光", "value": 10
					}
				]
			},
			{
				"name": "加权平均测光", "value": 30,
				"children":
				[
					{
						"name": "感光度", "value": 10
					},
					{
						"name": "图片质量", "value": 10
					}
				]
			}
		]
	}
]