[{"name":"机器人","attribute":"中文名","value":"机器人"},{"name":"机器人","attribute":"外文名","value":"Robot"},{"name":"机器人","attribute":"定义","value":"自动执行工作的机器装置"},{"name":"机器人","attribute":"技术","value":"人工智能技术"},{"name":"机器人","attribute":"描述","value":"机器人（Robot）是自动执行工作的机器装置。"},{"name":"机器人","attribute":"标签","value":"科学"},{"name":"机器人","attribute":"驱动装置","value":"微型计算机"}]