[
	{
		"name": "梯度消失",
		"children": 
		[
			{
				"name": "梯度更新", "value": 30
			},
		
			{
				"name": "交叉熵代价函数", "value": 30,
				"children":
				[
					{
						"name": "代价函数", "value": 10
					},
					{
						"name": "样本", "value": 10
					},
					{
						"name": "实际值", "value": 10
					}
				]
			},
			{
				"name": "梯度变化", "value": 30
			},
			{
				"name": "梯度不稳定", "value": 30
			},
			{
				"name": "梯度爆炸", "value": 30
			}
		]
	}
]
